id,telegram_id,venue,position,employee_name,table_number,category,comment,created_at
1,2779408,–ó–∞–≤–µ–¥–µ–Ω–∏–µ 1,–æ—Ñ–∏—Ü–∏–∞–Ω—Ç,–ù–∏–∫–∏—Ç–∞,10,–ï–¥–∞,–û–∫–æ–æ–∞–æ–∞–æ–∞–æ–∞,2025-10-06T10:32:47.200180+00:00
2,1611855129,–ó–∞–≤–µ–¥–µ–Ω–∏–µ 1,–æ—Ñ–∏—Ü–∏–∞–Ω—Ç,h,9,–î—Ä—É–≥–æ–µ,–ø–æ–ø–æ–≤,2025-10-06T10:33:24.143405+00:00
3,1611855129,–ó–∞–≤–µ–¥–µ–Ω–∏–µ 1,–æ—Ñ–∏—Ü–∏–∞–Ω—Ç,h,,–°–∫–æ—Ä–æ—Å—Ç—å,–û—Ç–º–µ–Ω–∞,2025-10-06T10:33:34.742896+00:00
4,2779408,–ò–ö–ï,–û—Ñ–∏—Ü–∏–∞–Ω—Ç,–°—Ç–∞—Å,10,–≤–∫—É—Å,–ù–µ –ø–æ–Ω—Ä–∞–≤–∏–ª–æ—Å—å –±–ª—é–¥–æ –†–æ–ª–ª—ã—ã. —Å–æ–ª–µ–Ω—ã–µ,2025-10-06T13:12:25.863191+00:00
5,7467785579,–î–æ–º,–æ—Ñ–∏—Ü–∏–∞–Ω—Ç,–Æ–ª–∏—è!,1,–≤–∫—É—Å,–ë–ª—é–¥–æ –±—ã–ª–æ –ø—Ä–∏–≥–æ—Ç–æ–≤–ª–µ–Ω–æ –≤–µ–ª–∏–∫–æ–ª–µ–ø–Ω–æ.,2025-11-05T14:45:20.114135+00:00
6,113682235,–°—ã—Ä–æ–≤–∞—Ä–Ω—è Andreale,–º–µ–Ω–µ–¥–∂–µ—Ä,–ê–ª–∏–Ω–∞,1,–≤–∫—É—Å,–ë—ã–ª–æ –≤–∫—É—Å–Ω–æ ü§§,2025-11-05T14:45:51.056809+00:00
7,1569360667,Chojo Izakaya,–º–µ–Ω–µ–¥–∂–µ—Ä,–†–∞–º–∏–ª—è,1,–∞—Ç–º–æ—Å—Ñ–µ—Ä–∞,–≠—Ç–æ –∑–∞–º–µ—á–∞—Ç–µ–ª—å–Ω–æ–µ –º–µ—Å—Ç–æ,2025-11-05T14:45:53.315673+00:00
8,349008731,Chojo Izakaya,–æ—Ñ–∏—Ü–∏–∞–Ω—Ç,–õ–∏–∑–∞,36,–≤–∫—É—Å,–≤—Å–µ –æ—á–µ–Ω—å –≤–∫—É—Å–Ω–æ,2025-11-05T19:15:58.730586+00:00
9,349008731,Chojo Izakaya,–æ—Ñ–∏—Ü–∏–∞–Ω—Ç,–õ–∏–∑–∞,,—Å—Ç–æ–ø-–ª–∏—Å—Ç,–ø–æ—á–µ–º—É –Ω–µ—Ç —Ö–ª–µ–±–∞???,2025-11-05T19:16:15.320385+00:00
10,349008731,Chojo Izakaya,–æ—Ñ–∏—Ü–∏–∞–Ω—Ç,–õ–∏–∑–∞,,—Ü–µ–Ω–∞/–∫–∞—á–µ—Å—Ç–≤–æ,–¥–æ—Ä–æ–≥–æ,2025-11-05T19:16:30.065814+00:00
11,349008731,Chojo Izakaya,–æ—Ñ–∏—Ü–∏–∞–Ω—Ç,–õ–∏–∑–∞,,—Å–∞–Ω.–Ω–æ—Ä–º—ã,–≤—Å–µ–º –ø–æ—Ö –Ω–∞ —Ç—É–∞–ª–µ—Ç–Ω—É—é –±—É–º–∞–≥—É,2025-11-05T19:16:47.167001+00:00
12,5182971622,–°—ã—Ä–æ–≤–∞—Ä–Ω—è Andreale,–º–µ–Ω–µ–¥–∂–µ—Ä,–Æ–ª–∏—è,114,–ø—Ä–æ—á–µ–µ,"–î–µ—Ç—Å–∫–æ–µ –º–µ–Ω—é –Ω–µ —Å–æ–æ—Ç–≤–µ—Ç—Å—Ç–≤—É–µ—Ç –æ–ø–∏—Å–∞–Ω–∏—é –≤ –º–µ–Ω—é, —Å–ª–∏—à–∫–æ–º –º–∞–ª–µ–Ω—å–∫–æ–µ –Ω–µ –æ–±—à–∏—Ä–Ω–æ–µ –º–µ–Ω—é –¥–µ—Ç—Å–∫–æ–µ",2025-11-07T16:44:46.072935+00:00
13,5182971622,–°—ã—Ä–æ–≤–∞—Ä–Ω—è Andreale,–º–µ–Ω–µ–¥–∂–µ—Ä,–Æ–ª–∏—è,114,–≤–∫—É—Å,"–ù–µ –ø–æ–Ω—Ä–∞–≤–∏–ª–∏—Å—å –ø–µ—Ä–µ–ø–µ–ª–∫–∏, —Å—É—Ö–∏–µ –∏ –Ω–µ–≤–∫—É—Å–Ω—ã–µ, –∫–∞–∫ –±—É–¥—Ç–æ —Å—Ç–∞—Ä—ã–µ",2025-11-08T20:13:27.323141+00:00
14,5182971622,–°—ã—Ä–æ–≤–∞—Ä–Ω—è Andreale,–º–µ–Ω–µ–¥–∂–µ—Ä,–Æ–ª–∏—è,115,–≤–∫—É—Å,"–í —Ä–∞–∑–Ω–æ—Å–æ–ª–∞—Ö –Ω–µ–≤–∫—É—Å–Ω–∞—è –∫–∞–ø—É—Å—Ç–∞, –Ω–µ —Ö—Ä—É—Å—Ç—è—â–∞—è, –ø–µ—Ä–µ—Ü —Ö–∞–ª–∞–ø–µ–Ω—å–æ —Å—É—Ö–æ–π, —Å–∫–∞–∑–∞–ª–∏ –ª—É—á—à–µ —á—Ç–æ –Ω–∏–±—É–¥—å –¥—Ä—É–≥–æ–µ –ø–æ–ª–æ–∂–∏—Ç—å –≤ —ç—Ç—É —Ç–∞—Ä–µ–ª–∫—É",2025-11-08T20:14:43.711124+00:00
